Rank,Lead Type,Lead ID,Company / Project,Target Contact First Name,Target Contact Last Name,Target Contact Title,Public Business Email,Business Phone,Province,Status / Timing,Fit Score (1-5),Activity Evidence Score (1-5),Decision-Maker Score (1-5),Timing Score (1-5),Feasibility Score (1-5),Evidence Quality Score (1-5),Total Score (/30),Why Prioritized,Next Action,Source URL,Verification Date
C01,GC company,GC-07,LEAR Construction Management Ltd.,Amy,Barclay,"Estimator, Preconstruction",Not verified,403-250-3819,AB,"Active: Brooks JH (awarded), CBE Vanier envelope, Silverado school",5,5,4,4,5,4,27,Calgary-based institutional GC with several confirmed school/envelope jobs and a named estimator.,Call preconstruction; request roofing/siding bid invitations and status of Brooks JH roofing.,https://bjhs.grasslands.ab.ca/o/bjhs/article/9917,2026-10-08
C02,GC company,GC-11,Scott Builders Inc.,Bill,Rowell,Estimating - Calgary Division (LinkedIn only),calgary@scottbuilders.com,403-274-9393,AB,"Bidder on Lake Louise fire hall (closed 2026-06-18, award pending)",5,4,3,4,5,5,26,Official branch emails/phones; Alberta-wide; active institutional bidder.,Email Calgary + Edmonton branches; ask to join roofing/siding bid lists and about Lake Louise.,https://scottbuilders.com/contact,2026-10-08
C03,GC company,GC-02,Fillmore Construction Management Inc.,James,Behnke,Director of Pre-Construction,Not verified,780-430-0005,AB,Active in AB and BC (2026 Kelowna permit; Calgary seniors residence),5,4,5,3,4,5,26,Only Priority-1 estimating decision-maker verified on an official company page.,Call and ask for James Behnke; send capability statement.,https://www.fillmoreconstruction.com/leadership-team,2026-10-08
C04,GC company,GC-09,Everest Construction Management Ltd.,Michael,Simonot,Co-founder,info@everestconstruction.ca,403-685-6609,AB,Recurring PSPC/Parks Canada work,4,4,4,3,5,5,25,Calgary GC with official email/phone and steady federal building contracts.,Email info@ with capability statement; ask about upcoming federal bids.,https://www.everestconstruction.ca/contact-us,2026-10-08
C05,GC company,GC-06,Ledcor Construction Limited,Graham,Currie,"Regional Manager, Calgary (LinkedIn)",prequalification@ledcor.com,403-264-9155,AB/BC,National; tenders roofing packages as CM,4,4,3,3,4,5,23,Official prequal portal and Calgary phone; publicly tenders roofing packages as CM.,Request SDI prequal invitation; call Calgary building estimating.,https://www.ledcor.com/contact-us,2026-10-08
C06,GC company,GC-14,Ward Bros. Construction Ltd.,Bill,Scales,Project Director (LinkedIn),Not verified,403-328-6698,AB,Taber school modernization; ULeth med school,4,4,3,3,4,4,22,Large southern-Alberta institutional GC with an official estimating form.,Submit Estimating Form; call estimating.,https://wardbros.ca/contact/,2026-10-08
C07,GC company,GC-12,Unitech Construction Management Ltd.,Aaron,Corser,"Director of Project Delivery, Edmonton",Not verified,604-943-8845,AB/BC,New Edmonton office (Feb 2026); Fraser Health CM list,4,3,4,3,4,4,22,CM-as-agent firm entering Alberta; named directors from a 2026 trade publication.,Connect with both Aarons; ask for trade-tender list.,https://www.reminetwork.com/?p=45272,2026-10-08
C08,GC company,GC-05,Westcor Construction Ltd.,Jason,Berard,Project Estimator (LinkedIn),Not verified,403-663-8677,AB,Uses subtrade prequal for closed tenders,4,3,3,3,5,3,21,Calgary-local; known prequal process for multi-family.,Call estimating; request prequal package.,https://www.canpages.ca/page/AB/calgary/westcor-construction-ltd/5154346.html,2026-10-08
C09,GC company,GC-03,Keller Construction Ltd.,,,Chief Estimator (name not verified),Not verified,780-484-1010,AB,Calgary team growing; bid-list interest in Lake Louise,4,3,2,3,4,3,19,Established Edmonton/Calgary commercial GC.,Call; get Chief Estimator name and bid email.,https://www.canpages.ca/page/AB/edmonton/keller-construction-ltd/882475,2026-10-08
C10,GC company,GC-10,PCL Construction Management Inc.,,,Calgary Chief Estimator (not verified),Not verified,780-733-5000,AB,"Campus Bldg #6, Meta data centre JV, Green Line",4,5,1,3,3,3,19,Biggest pipeline but no verified estimator; project-by-project prequal.,Call Calgary Buildings & Civil; ask how roofing trades get on bid lists.,https://www.pcl.com/us/en/who-we-are/our-offices/calgary-buildings-and-civil,2026-10-08
C11,GC company,GC-04,Krawford Construction Company Inc.,,,Chief Estimator (name conflicting),Not verified,Not verified,AB,Hiring estimator/PM (Mar 2025),4,3,2,3,4,2,18,Institutional/multi-family GC; contact data needs confirmation.,Confirm Chief Estimator and phone first.,https://www.thebluebook.com/iProView/1217472/krawford-construction-inc/general-contractors/,2026-10-08
C12,GC company,GC-16,Marshall-Lee Construction Corp.,Bill,O'Callaghan,General Contractor (LinkedIn),Not verified,780-962-3515,AB,Schools/RCMP history; current jobs not found,4,2,3,2,4,3,18,Institutional GC near Edmonton; small team = direct access.,Call; ask for sub-trade invitation list.,http://www.marshall-lee.ca/services,2026-10-08
C13,GC company,GC-13,Velcor Construction Services Inc.,Andrew,Veltri,Owner,Not verified,Not verified,AB,Small TI/service contractor,3,2,3,2,4,2,16,Small Edmonton GC; owner reachable.,Website contact form.,https://www.velcor.ca/,2026-10-08
C14,GC company,GC-01,Canbian Inc.,Colin,Ward,"Estimator / PM (LinkedIn, conflicting)",Not verified,Not verified,AB,No current projects found,3,2,2,2,4,2,15,Small Edmonton commercial GC.,Call via website; confirm estimator.,https://ca.linkedin.com/company/canbian-inc-,2026-10-08
C15,GC company,GC-08,WF Group Inc. (AEC Developments),Garth,Cressman,CEO,Not verified,Not verified,ON/AB,Mostly Ontario CM work,3,2,2,2,3,3,15,CM arm with Calgary/Edmonton offices; identity match by name only.,Use Work With Us form.,https://wfgroupinc.com/contact/,2026-10-08
P01,Project,P-02,City of Vernon - Operations Building Roof Replacement (26-83-INF),Kelsey,Evans,Senior Buyer (Bonfire Q&A),Not verified,Not verified,BC,OPEN - mandatory site visit 2026-10-14; closes 2026-11-03 14:00 PT,5,5,4,5,3,5,27,Fully documented open roofing RFQ with named buyer.,Register on Bonfire; attend 14 Oct site visit.,https://www.civicinfo.bc.ca/bids?bidid=11043,2026-10-08
P02,Project,P-01,Jasper National Park - FireSmart Compound roof replacement,,,Parks Canada contracting authority (see notice),Not verified,Not verified,AB,OPEN - closes 2026-10-22,5,5,3,5,4,3,25,"Open, roofing-only, in Alberta; metal roofing favoured locally.",Download from CanadaBuys today; check site visit/bonding.,https://canadabuys.canada.ca/en/tender-opportunities,2026-10-08
P03,Project,P-19,Lake Louise Fire Hall & Multi-Unit Residential (AB-2026-03788),,,Scott Builders estimating (if winner),calgary@scottbuilders.com,403-274-9393,AB,CLOSED to GCs - award pending; roofing sub-tender likely next,5,4,3,4,5,4,25,$10M-$100M job 2 hrs from Calgary; a target GC is a bidder.,Ask Scott Builders about the result and roofing package.,https://purchasing.alberta.ca/posting/AB-2026-03788,2026-10-08
P04,Project,P-11,Brooks Junior High Replacement School (Lear),Amy,Barclay,Estimator (Lear),Not verified,403-250-3819,AB,AWARDED - roofing availability unknown,5,4,4,3,5,4,25,Confirmed GC on a large school.,Ask Lear if roofing/siding is still open.,https://bjhs.grasslands.ab.ca/o/bjhs/article/9917,2026-10-08
P05,Project,LEG-C,City of Prince George - Civic Facilities Roof Replacements (T26-085),,,City procurement,Not verified,Not verified,BC,OPEN - closes 2026-10-20 (verify),5,5,2,5,3,3,23,"$2.45M flat-roof program (3 roofs, ~29,950 sf).",Confirm on princegeorge.bidsandtenders.ca today.,https://visualping.io/pages/prince-george-british-columbia-rfps-alerts-4816017,2026-10-08
P06,Project,LEG-E,"Victoria County NS - Metal Roof Replacement, New Haven (VIC-RFQ-09-16-26)",,,County procurement,Not verified,Not verified,NS,OPEN - closes 2026-10-19 14:00 AT,5,5,2,5,1,5,23,"Verified open metal roof RFQ, but ~5,000 km away.",Bid only if Atlantic mobilization is economic.,https://victoriacounty.com/request-for-quotations-metal-roof-replacement-in-new-haven/,2026-10-08
P07,Project,P-07,William Grayson School roof sections 4 & 5 (SK),,,RMIS Engineering / owner,Not verified,Not verified,SK,OPEN - closes 2026-10-14/15 (conflicting),5,4,2,4,3,2,20,Open school re-roof in SK; dates need confirming.,Confirm on SaskTenders today.,https://www.sasktenders.ca/,2026-10-08
P08,Project,P-23,Concordia University of Edmonton 200-bed residence,James,Behnke,Director of Pre-Construction (Fillmore),Not verified,780-430-0005,AB,POTENTIAL - GC not confirmed,4,3,4,3,4,2,20,Possible Fillmore job with a verified estimating contact.,Ask Fillmore whether they hold the contract.,https://economicdashboard.alberta.ca/articles-pages/major-projects-feeds/september-2025-major-projects-updates/,2026-10-08
P09,Project,P-22,"PCL Campus Expansion Building #6, Edmonton",,,PCL Edmonton buildings estimating,Not verified,780-733-5000,AB,POTENTIAL - 2026-2028,4,4,1,3,4,4,20,"Confirmed GC/developer, new office building.",Ask PCL when cladding/roofing tender.,https://majorprojects.alberta.ca/details/PCL-Campus-Expansion-Building-6/12231,2026-10-08
P10,Project,P-04,Camrose AFSC Roof Replacement (Alberta Infrastructure),,,Alberta Infrastructure,Not verified,Not verified,AB,OPEN? - closes 2026-11-03 (unconfirmed),5,3,1,5,4,1,19,Would be ideal if confirmed; only one search summary mentions it.,Search APC for the posting before acting.,https://purchasing.alberta.ca,2026-10-08
